{
  "accuracy": 0.743,
  "precision": 0.6061381074168798,
  "recall": 0.6970588235294117,
  "f1": 0.6484268125854993,
  "roc_auc": 0.7981372549019607
}