{
  "accuracy": 0.741,
  "precision": 0.6035805626598465,
  "recall": 0.6941176470588235,
  "f1": 0.6456908344733242,
  "roc_auc": 0.7982397504456328
}